problem_id,round_id,link,num_contestants,contestant_registrant_ratio,num_rounds,first_submission_time,last_submission_time,experience,engagement_barrier,scoring_complexity,prize_pool,prize_number,average_experience,duration,machine_learning,improve,target,task_type,submission_type,scoring_type,provisional_testing,system_vs_provisional,prize_nonmonetary,prize_threshold
5959,9874,https://community.topcoder.com/longcontest/?module=ViewProblemStatement&rd=9874&pm=5959,497,0.9613152804642167,1,3343656380,3344259522,448,1.0,1.0,0.0,0.0,0.9014084507042254,168.0,No,Yes,Quality,Strategy,Code,Relative,TC only,Similar,No,No
6058,9881,https://community.topcoder.com/longcontest/?module=ViewProblemStatement&rd=9881&pm=6058,251,0.9543726235741445,1,3347802057,3349011491,292,2.0,2.0,0.0,0.0,1.1633466135458168,336.0,No,No,Resource or Both,Optimization,Code,Relative,TC only,Similar,No,No
6088,9892,https://community.topcoder.com/longcontest/?module=ViewProblemStatement&rd=9892&pm=6088,378,0.984375,1,3349622987,3350825847,496,2.0,1.0,0.0,0.0,1.312169312169312,335.0,No,No,Resource or Both,Strategy,Code,Relative,TC preferred,Similar,No,No
6164,9958,https://community.topcoder.com/longcontest/?module=ViewProblemStatement&rd=9958&pm=6164,380,0.987012987012987,1,3352038115,3353327968,612,2.0,2.0,0.0,0.0,1.6105263157894736,359.0,No,No,Resource or Both,Optimization,Code,Absolute,TC preferred,Similar,No,No
6217,9974,https://community.topcoder.com/longcontest/?module=ViewProblemStatement&rd=9974&pm=6217,274,0.9681978798586572,1,3354454603,3355660722,533,2.0,1.0,0.0,0.0,1.9452554744525548,336.0,No,No,Quality,Optimization,Code,Absolute,TC preferred,Similar,No,No
6377,10015,https://community.topcoder.com/longcontest/?module=ViewProblemStatement&rd=10015&pm=6377,164,1.0,1,3356265862,3356870305,372,2.0,2.0,0.0,0.0,2.268292682926829,168.0,No,No,Quality,Strategy,Code,Absolute,TC only,Similar,No,No
6383,10019,https://community.topcoder.com/longcontest/?module=ViewProblemStatement&rd=10019&pm=6383,138,0.971830985915493,1,3356895291,3358173291,227,2.0,2.0,0.0,0.0,1.644927536231884,355.0,No,No,Resource or Both,Optimization,Code,Absolute,TC preferred,Similar,No,No
6518,10082,https://community.topcoder.com/longcontest/?module=ViewProblemStatement&rd=10082&pm=6518,204,0.9714285714285714,1,3358688669,3359289585,391,2.0,1.0,0.0,0.0,1.9166666666666667,167.0,No,No,Quality,Strategy,Code,Absolute,TC preferred,Similar,No,No
6525,10083,https://community.topcoder.com/longcontest/?module=ViewProblemStatement&rd=10083&pm=6525,78,0.9512195121951219,1,3359301237,3360498879,263,2.0,2.0,0.0,0.0,3.371794871794872,333.0,No,No,Resource or Both,Optimization,Code,Absolute,TC only,Similar,No,No
6550,10088,https://community.topcoder.com/longcontest/?module=ViewProblemStatement&rd=10088&pm=6550,167,0.9709302325581395,1,3364136300,3364747110,447,1.5,1.5,0.0,0.0,2.6766467065868262,170.0,No,No,Quality,Strategy,Code,Relative,TC only,Similar,No,No
6563,10086,https://community.topcoder.com/longcontest/?module=ViewProblemStatement&rd=10086&pm=6563,195,0.9558823529411765,1,3361710374,3362313450,484,2.0,1.0,0.0,0.0,2.482051282051282,168.0,No,No,Quality,Strategy,Code,Absolute,TC preferred,Similar,No,No
6592,10089,https://community.topcoder.com/longcontest/?module=ViewProblemStatement&rd=10089&pm=6592,170,0.9883720930232558,1,3364742115,3365942195,521,2.0,2.0,0.0,0.0,3.0647058823529414,334.0,No,No,Resource or Both,Strategy,Code,Absolute,TC only,Similar,No,No
6595,10087,https://community.topcoder.com/longcontest/?module=ViewProblemStatement&rd=10087&pm=6595,194,0.9797979797979798,1,3362319506,3363523145,669,2.0,2.0,0.0,0.0,3.448453608247423,335.0,No,No,Resource or Both,Optimization,Code,Absolute,TC only,Similar,No,No
6686,10101,https://community.topcoder.com/longcontest/?module=ViewProblemStatement&rd=10101&pm=6686,100,0.9345794392523364,1,3366562518,3367151816,258,2.0,1.0,0.0,0.0,2.58,164.0,No,No,Quality,Strategy,Code,Absolute,TC preferred,Similar,No,No
6717,10685,https://community.topcoder.com/longcontest/?module=ViewProblemStatement&rd=10685&pm=6717,87,0.9886363636363636,1,3376848157,3377436683,399,3.0,1.0,0.0,0.0,4.586206896551724,164.0,No,No,Quality,Optimization,Code,Absolute,TC preferred,Similar,No,No
6727,10105,https://community.topcoder.com/longcontest/?module=ViewProblemStatement&rd=10105&pm=6727,110,0.9734513274336283,1,3367173842,3368375960,412,2.0,2.0,0.0,0.0,3.7454545454545456,334.0,No,No,Resource or Both,Strategy,Code,Relative,TC preferred,Similar,No,No
6732,10678,https://community.topcoder.com/longcontest/?module=ViewProblemStatement&rd=10678&pm=6732,153,0.9935064935064936,1,3374415098,3375017965,409,1.5,1.0,0.0,0.0,2.673202614379085,168.0,No,No,Quality,Strategy,Code,Absolute,TC preferred,Similar,No,No
6733,10123,https://community.topcoder.com/longcontest/?module=ViewProblemStatement&rd=10123&pm=6733,172,0.9942196531791907,1,3370182579,3371389145,682,2.0,2.0,0.0,0.0,3.9651162790697674,336.0,No,No,Quality,Optimization,Code,Relative,TC only,Similar,No,No
6759,10118,https://community.topcoder.com/longcontest/?module=ViewProblemStatement&rd=10118&pm=6759,148,0.9801324503311258,1,3369658586,3370175061,132,1.5,1.5,0.0,0.0,0.8918918918918919,144.0,No,No,Quality,Strategy,Code,Absolute,TC only,Similar,No,No
6858,10128,https://community.topcoder.com/longcontest/?module=ViewProblemStatement&rd=10128&pm=6858,48,0.9795918367346939,1,3371394127,3371990619,200,2.0,2.0,0.0,0.0,4.166666666666667,166.0,No,No,Quality,Optimization,Code,Absolute,TC preferred,Similar,No,No
6878,10649,https://community.topcoder.com/longcontest/?module=ViewProblemStatement&rd=10649&pm=6878,194,0.9847715736040609,1,3372601651,3373894771,799,2.0,1.0,0.0,0.0,4.118556701030927,360.0,No,No,Resource or Both,Optimization,Code,Absolute,TC preferred,Similar,No,No
7297,10681,https://community.topcoder.com/longcontest/?module=ViewProblemStatement&rd=10681&pm=7297,117,0.9590163934426229,1,3375032459,3376227429,551,2.0,2.0,0.0,0.0,4.7094017094017095,332.0,No,No,Resource or Both,Optimization,Code,Absolute,TC only,Similar,No,No
7328,10692,https://community.topcoder.com/longcontest/?module=ViewProblemStatement&rd=10692&pm=7328,140,0.9859154929577465,1,3378055648,3379251531,436,2.0,2.0,0.0,0.0,3.1142857142857143,333.0,No,No,Quality,Strategy,Code,Absolute,Shared,Similar,No,No
7430,10696,https://community.topcoder.com/longcontest/?module=ViewProblemStatement&rd=10696&pm=7430,60,0.9230769230769231,1,3379267927,3379856208,230,1.5,1.0,0.0,0.0,3.8333333333333335,164.0,No,No,Quality,Strategy,Code,Relative,Shared,Similar,No,No
7478,10704,https://community.topcoder.com/longcontest/?module=ViewProblemStatement&rd=10704&pm=7478,170,0.9826589595375722,1,3380465393,3381670769,741,2.0,1.0,0.0,0.0,4.358823529411764,335.0,No,No,Quality,Strategy,Code,Relative,TC only,Similar,No,No
7542,10757,https://community.topcoder.com/longcontest/?module=ViewProblemStatement&rd=10757&pm=7542,41,0.9761904761904762,2,3385921598,3387110188,589,3.0,1.5,0.0,0.0,14.365853658536585,331.0,No,No,Quality,Optimization,Code,Relative,Shared,Similar,No,No
7542,10758,https://community.topcoder.com/longcontest/?module=ViewProblemStatement&rd=10758&pm=7542,29,0.9666666666666667,2,3385921598,3387110001,572,3.0,1.5,0.0,0.0,19.724137931034484,331.0,No,No,Quality,Optimization,Code,Relative,Shared,Similar,No,No
7545,10732,https://community.topcoder.com/longcontest/?module=ViewProblemStatement&rd=10732&pm=7545,445,1.0,2,3383482819,3384086400,2101,2.0,1.0,0.0,0.0,4.721348314606741,168.0,No,No,Quality,Strategy,Code,Absolute,TC only,Similar,No,No
7545,10733,https://community.topcoder.com/longcontest/?module=ViewProblemStatement&rd=10733&pm=7545,30,0.967741935483871,2,3383482819,3384079336,1694,2.0,1.0,0.0,0.0,56.46666666666667,166.0,No,No,Quality,Strategy,Code,Absolute,TC only,Similar,No,No
7548,10722,https://community.topcoder.com/longcontest/?module=ViewProblemStatement&rd=10722&pm=7548,532,0.99812382739212,2,3382282618,3382876782,1676,2.0,2.0,0.0,0.0,3.1503759398496243,166.0,No,No,Quality,Strategy,Code,Absolute,TC preferred,Similar,No,No
7548,10723,https://community.topcoder.com/longcontest/?module=ViewProblemStatement&rd=10723&pm=7548,21,0.9545454545454546,2,3382282618,3382876010,1276,2.0,2.0,0.0,0.0,60.76190476190476,165.0,No,No,Quality,Strategy,Code,Absolute,TC preferred,Similar,No,No
7604,10747,https://community.topcoder.com/longcontest/?module=ViewProblemStatement&rd=10747&pm=7604,171,1.0,2,3384696179,3385295981,1384,2.0,1.0,0.0,0.0,8.09356725146199,167.0,No,No,Quality,Strategy,Code,Relative,Shared,Similar,No,No
7604,10748,https://community.topcoder.com/longcontest/?module=ViewProblemStatement&rd=10748&pm=7604,42,0.9767441860465116,2,3384696179,3385295876,1254,2.0,1.0,0.0,0.0,29.857142857142858,167.0,No,No,Quality,Strategy,Code,Relative,Shared,Similar,No,No
7789,10815,https://community.topcoder.com/longcontest/?module=ViewProblemStatement&rd=10815&pm=7789,281,0.9894366197183099,1,3388324103,3389529541,1169,1.0,2.0,0.0,0.0,4.160142348754448,335.0,No,No,Quality,Strategy,Code,Relative,Shared,Similar,No,No
7861,10500,https://community.topcoder.com/longcontest/?module=ViewProblemStatement&rd=10500&pm=7861,363,1.0,1,3395581977,3396182384,1353,2.0,2.0,0.0,0.0,3.727272727272727,167.0,No,No,Quality,Optimization,Code,Relative,TC preferred,Similar,No,No
7874,10834,https://community.topcoder.com/longcontest/?module=ViewProblemStatement&rd=10834&pm=7874,176,0.9565217391304348,1,3390757723,3391343992,915,2.0,2.0,5000.0,10.0,5.198863636363637,163.0,No,No,Resource or Both,Exploration,Code,Absolute,TC preferred,Similar,No,No
7892,10845,https://community.topcoder.com/longcontest/?module=ViewProblemStatement&rd=10845&pm=7892,8,1.0,1,3391951421,3391981182,93,3.0,2.0,0.0,0.0,11.625,9.0,No,No,Quality,Strategy,Code,Relative,Shared,Similar,No,No
7972,10848,https://community.topcoder.com/longcontest/?module=ViewProblemStatement&rd=10848&pm=7972,49,1.0,1,3391985839,3392589563,522,2.0,2.0,0.0,0.0,10.653061224489797,168.0,No,No,Resource or Both,Exploration,Code,Absolute,TC preferred,Similar,No,No
7993,10859,https://community.topcoder.com/longcontest/?module=ViewProblemStatement&rd=10859&pm=7993,179,0.9835164835164835,1,3393161475,3394367781,969,2.0,1.0,0.0,0.0,5.41340782122905,336.0,No,No,Quality,Optimization,Code,Absolute,Shared,Similar,No,No
8024,10860,https://community.topcoder.com/longcontest/?module=ViewProblemStatement&rd=10860&pm=8024,89,0.9888888888888889,1,3395587291,3396182186,620,2.0,1.0,0.0,0.0,6.966292134831461,166.0,No,No,Resource or Both,Strategy,Code,Relative,Shared,Similar,No,No
8053,10501,https://community.topcoder.com/longcontest/?module=ViewProblemStatement&rd=10501&pm=8053,251,1.0,1,3396789091,3397391977,1298,2.0,2.0,0.0,0.0,5.171314741035856,168.0,No,No,Quality,Strategy,Code,Relative,Shared,Similar,No,No
8100,10862,https://community.topcoder.com/longcontest/?module=ViewProblemStatement&rd=10862&pm=8100,117,0.9915254237288136,1,3397999492,3399206182,845,2.0,1.0,0.0,0.0,7.222222222222222,336.0,No,No,Quality,Optimization,Code,Relative,Shared,Similar,No,No
8102,10861,https://community.topcoder.com/longcontest/?module=ViewProblemStatement&rd=10861&pm=8102,101,0.9711538461538461,1,3396791638,3397391911,796,1.0,1.0,0.0,0.0,7.881188118811881,167.0,No,No,Quality,Optimization,Code,Relative,Shared,Similar,No,No
8113,10929,https://community.topcoder.com/longcontest/?module=ViewProblemStatement&rd=10929&pm=8113,352,0.6365280289330922,1,3399812501,3400415892,1650,2.0,1.0,0.0,0.0,4.6875,168.0,No,No,Quality,Inference,Code,Absolute,Shared,Similar,No,No
8168,10930,https://community.topcoder.com/longcontest/?module=ViewProblemStatement&rd=10930&pm=8168,69,0.19008264462809918,1,3401037558,3402230322,522,3.0,2.0,15000.0,10.0,7.565217391304348,332.0,No,No,Quality,Optimization,Code,Relative,TC preferred,Similar,No,No
8176,10502,https://community.topcoder.com/longcontest/?module=ViewProblemStatement&rd=10502&pm=8176,83,1.0,1,3398001988,3399206374,687,2.0,1.0,0.0,0.0,8.27710843373494,335.0,No,No,Quality,Strategy,Code,Absolute,Shared,Similar,No,No
8281,10931,https://community.topcoder.com/longcontest/?module=ViewProblemStatement&rd=10931&pm=8281,168,0.484149855907781,1,3403449057,3404653120,964,1.0,1.0,0.0,0.0,5.738095238095238,335.0,No,No,Quality,Strategy,Code,Relative,Shared,Similar,No,No
8285,10981,https://community.topcoder.com/longcontest/?module=ViewProblemStatement&rd=10981&pm=8285,8,1.0,1,3402827023,3402853529,109,2.0,1.0,0.0,0.0,13.625,8.0,No,No,Quality,Strategy,Code,Absolute,TC preferred,Similar,No,No
8426,10932,https://community.topcoder.com/longcontest/?module=ViewProblemStatement&rd=10932&pm=8426,324,0.7346938775510204,1,3405259737,3405862773,1618,1.0,1.0,0.0,0.0,4.993827160493828,168.0,No,No,Quality,Optimization,Code,Absolute,TC preferred,Similar,No,No
8433,10933,https://community.topcoder.com/longcontest/?module=ViewProblemStatement&rd=10933&pm=8433,115,0.5066079295154186,1,3406471129,3407072285,805,2.0,2.0,0.0,0.0,7.0,167.0,No,No,Quality,Optimization,Code,Relative,Shared,Similar,No,No
8472,12198,https://community.topcoder.com/longcontest/?module=ViewProblemStatement&rd=12198&pm=8472,55,0.3618421052631579,1,3416186332,3416745482,399,2.0,2.0,0.0,0.0,7.254545454545455,156.0,No,No,Quality,Strategy,Code,Relative,Shared,Similar,No,No
8562,11133,https://community.topcoder.com/longcontest/?module=ViewProblemStatement&rd=11133&pm=8562,100,0.3246753246753247,1,3408968459,3410095537,685,2.0,1.0,0.0,0.0,6.85,314.0,No,No,Quality,Optimization,Code,Relative,TC preferred,Similar,No,No
8579,11130,https://community.topcoder.com/longcontest/?module=ViewProblemStatement&rd=11130&pm=8579,617,0.8776671408250356,2,3410702084,3411305972,3833,2.0,1.5,0.0,0.0,6.212317666126419,168.0,No,No,Quality,Optimization,Code,Relative,Shared,Similar,No,No
8579,11134,https://community.topcoder.com/longcontest/?module=ViewProblemStatement&rd=11134&pm=8579,69,0.40588235294117647,2,3410702084,3411305980,3297,2.0,1.5,0.0,0.0,47.78260869565217,168.0,No,No,Quality,Optimization,Code,Relative,Shared,Similar,No,No
8604,12200,https://community.topcoder.com/longcontest/?module=ViewProblemStatement&rd=12200&pm=8604,57,0.17757009345794392,1,3418602550,3419164469,404,2.0,2.0,0.0,0.0,7.087719298245614,157.0,No,No,Quality,Strategy,Code,Relative,Shared,Similar,No,No
8632,11131,https://community.topcoder.com/longcontest/?module=ViewProblemStatement&rd=11131&pm=8632,267,0.9888888888888889,2,3411911801,3412515600,2615,2.0,1.5,0.0,0.0,9.794007490636703,168.0,No,No,Quality,Strategy,Code,Relative,TC preferred,Similar,No,No
8632,11135,https://community.topcoder.com/longcontest/?module=ViewProblemStatement&rd=11135&pm=8632,57,0.41007194244604317,2,3411911801,3412515079,2397,2.0,1.5,0.0,0.0,42.05263157894737,168.0,No,No,Quality,Strategy,Code,Relative,TC preferred,Similar,No,No
8671,11136,https://community.topcoder.com/longcontest/?module=ViewProblemStatement&rd=11136&pm=8671,146,0.48184818481848185,1,3413124271,3414329897,736,2.0,1.0,0.0,0.0,5.041095890410959,335.0,No,No,Quality,Strategy,Code,Absolute,Shared,Similar,No,No
8674,11132,https://community.topcoder.com/longcontest/?module=ViewProblemStatement&rd=11132&pm=8674,93,1.0,1,3413127753,3414329998,1189,2.0,2.0,0.0,0.0,12.78494623655914,334.0,No,No,Quality,Inference,Code,Relative,Shared,Similar,No,No
8708,12166,https://community.topcoder.com/longcontest/?module=ViewProblemStatement&rd=12166&pm=8708,128,0.42244224422442245,1,3414340469,3415622390,1014,2.0,1.0,0.0,0.0,7.921875,357.0,No,No,Resource or Both,Optimization,Code,Relative,Shared,Similar,No,No
8737,12203,https://community.topcoder.com/longcontest/?module=ViewProblemStatement&rd=12203&pm=8737,119,0.41901408450704225,1,3425213865,3425817457,715,2.0,1.0,0.0,0.0,6.008403361344538,168.0,No,No,Quality,Segmentation,Code,Absolute,Shared,Similar,No,No
8747,12199,https://community.topcoder.com/longcontest/?module=ViewProblemStatement&rd=12199&pm=8747,90,0.37815126050420167,1,3417370063,3417955044,669,2.0,2.0,0.0,0.0,7.433333333333334,163.0,No,No,Quality,Strategy,Code,Relative,Shared,Similar,No,No
8816,12020,https://community.topcoder.com/longcontest/?module=ViewProblemStatement&rd=12020&pm=8816,12,1.0,1,3419599557,3419626064,216,2.5,2.0,0.0,0.0,18.0,8.0,No,No,Quality,Strategy,Code,Absolute,Shared,Similar,No,No
9714,12167,https://community.topcoder.com/longcontest/?module=ViewProblemStatement&rd=12167&pm=9714,70,0.16826923076923078,1,3420379521,3421583949,757,2.0,2.0,0.0,0.0,10.814285714285715,335.0,No,No,Quality,Exploration,Code,Relative,Shared,Similar,No,No
9763,13499,https://community.topcoder.com/longcontest/?module=ViewProblemStatement&rd=13499&pm=9763,75,0.20161290322580644,1,3421758660,3424435190,368,2.0,1.0,0.0,0.0,4.906666666666666,744.0,Yes,No,Quality,Prediction,Code,Absolute,TC preferred,Different,No,No
9795,12201,https://community.topcoder.com/longcontest/?module=ViewProblemStatement&rd=12201&pm=9795,285,0.6867469879518072,1,3422190554,3422793506,1443,2.0,1.0,0.0,0.0,5.063157894736842,168.0,No,No,Quality,Strategy,Code,Absolute,Shared,Similar,No,No
9798,12202,https://community.topcoder.com/longcontest/?module=ViewProblemStatement&rd=12202&pm=9798,228,0.5968586387434555,1,3423226622,3423830369,1556,2.0,1.0,0.0,0.0,6.824561403508772,168.0,No,No,Quality,Exploration,Code,Absolute,TC preferred,Similar,No,No
9854,14455,https://community.topcoder.com/longcontest/?module=ViewProblemStatement&rd=14455&pm=9854,63,0.20930232558139536,1,3501430358,3502375198,460,2.0,1.0,0.0,0.0,7.301587301587301,263.0,No,No,Quality,Optimization,Code,Relative,Shared,Similar,No,No
9888,12204,https://community.topcoder.com/longcontest/?module=ViewProblemStatement&rd=12204&pm=9888,108,0.3624161073825503,1,3426445627,3427631967,552,2.0,1.0,0.0,0.0,5.111111111111111,330.0,No,No,Quality,Optimization,Code,Relative,Shared,Similar,No,No
9906,13564,https://community.topcoder.com/longcontest/?module=ViewProblemStatement&rd=13564&pm=9906,162,0.5015479876160991,1,3428237348,3428841529,1021,2.0,1.0,0.0,0.0,6.302469135802469,168.0,No,No,Quality,Exploration,Code,Absolute,Shared,Similar,No,No
10014,13565,https://community.topcoder.com/longcontest/?module=ViewProblemStatement&rd=13565&pm=10014,89,0.4238095238095238,1,3429468219,3430051118,505,2.0,1.0,0.0,0.0,5.674157303370786,162.0,No,No,Quality,Strategy,Code,Absolute,Shared,Similar,No,No
10032,13709,https://community.topcoder.com/longcontest/?module=ViewProblemStatement&rd=13709&pm=10032,111,0.444,1,3442762335,3443965192,794,2.0,1.0,0.0,0.0,7.153153153153153,335.0,No,No,Quality,Optimization,Code,Relative,Shared,Similar,No,No
10034,14354,https://community.topcoder.com/longcontest/?module=ViewProblemStatement&rd=14354&pm=10034,106,0.375886524822695,1,3491146351,3492349096,676,2.0,1.0,0.0,0.0,6.377358490566038,335.0,No,No,Quality,Strategy,Code,Relative,Shared,Similar,No,No
10043,13636,https://community.topcoder.com/longcontest/?module=ViewProblemStatement&rd=13636&pm=10043,52,0.3291139240506329,1,3430057923,3431260486,560,3.0,2.0,0.0,0.0,10.76923076923077,335.0,No,Yes,Resource or Both,Optimization,Code,Relative,TC preferred,Similar,No,No
10056,13566,https://community.topcoder.com/longcontest/?module=ViewProblemStatement&rd=13566&pm=10056,63,0.3539325842696629,1,3430672843,3431260661,351,2.0,1.5,0.0,0.0,5.571428571428571,164.0,No,No,Quality,Exploration,Code,Absolute,TC preferred,Similar,No,No
10119,13567,https://community.topcoder.com/longcontest/?module=ViewProblemStatement&rd=13567&pm=10119,59,0.329608938547486,1,3433083492,3433679889,469,2.0,2.0,0.0,0.0,7.9491525423728815,166.0,No,No,Quality,Optimization,Code,Relative,Shared,Similar,No,No
10147,13568,https://community.topcoder.com/longcontest/?module=ViewProblemStatement&rd=13568&pm=10147,42,0.28,1,3434288189,3434889374,318,2.0,1.0,0.0,0.0,7.571428571428571,167.0,No,No,Quality,Strategy,Code,Absolute,Shared,Similar,No,No
10201,13569,https://community.topcoder.com/longcontest/?module=ViewProblemStatement&rd=13569&pm=10201,105,0.35714285714285715,1,3436128681,3436707496,599,2.0,1.0,5000.0,5.0,5.704761904761905,161.0,No,No,Quality,Exploration,Code,Absolute,TC only,Similar,No,No
10202,13722,https://community.topcoder.com/longcontest/?module=ViewProblemStatement&rd=13722&pm=10202,120,0.5172413793103449,1,3438619908,3439817955,1036,2.0,2.0,0.0,0.0,8.633333333333333,333.0,No,No,Resource or Both,Optimization,Code,Absolute,Shared,Similar,No,No
10227,13570,https://community.topcoder.com/longcontest/?module=ViewProblemStatement&rd=13570&pm=10227,138,0.48936170212765956,1,3437316906,3437917150,912,3.0,2.0,5000.0,5.0,6.608695652173913,167.0,No,No,Quality,Exploration,Code,Absolute,Shared,Similar,No,No
10242,13679,https://community.topcoder.com/longcontest/?module=ViewProblemStatement&rd=13679&pm=10242,106,0.4491525423728814,1,3437953396,3438522000,604,2.0,1.0,5000.0,5.0,5.69811320754717,158.0,No,No,Quality,Strategy,Code,Absolute,Shared,Similar,No,No
10276,13680,https://community.topcoder.com/longcontest/?module=ViewProblemStatement&rd=13680&pm=10276,139,0.5914893617021276,1,3439757794,3440336359,1091,2.0,2.0,2500.0,2.5,7.848920863309353,161.0,No,No,Quality,Optimization,Code,Relative,Shared,Similar,No,No
10293,13681,https://community.topcoder.com/longcontest/?module=ViewProblemStatement&rd=13681&pm=10293,146,0.5551330798479087,1,3440959896,3442150764,912,2.0,2.0,5000.0,5.0,6.2465753424657535,331.0,No,No,Quality,Exploration,Code,Relative,Shared,Similar,No,No
10313,13754,https://community.topcoder.com/longcontest/?module=ViewProblemStatement&rd=13754&pm=10313,100,0.45871559633027525,1,3443879049,3445001883,461,3.0,2.0,5000.0,5.0,4.61,312.0,Yes,No,Quality,Prediction,Code,Absolute,TC preferred,Similar,No,No
10322,13710,https://community.topcoder.com/longcontest/?module=ViewProblemStatement&rd=13710&pm=10322,23,0.27380952380952384,2,3444572827,3445168943,3045,2.0,2.0,0.0,0.0,132.3913043478261,166.0,No,No,Quality,Strategy,Code,Relative,Shared,Similar,No,No
10322,13766,https://community.topcoder.com/longcontest/?module=ViewProblemStatement&rd=13766&pm=10322,420,0.8235294117647058,2,3444572827,3445174802,3436,2.0,2.0,0.0,0.0,8.18095238095238,168.0,No,No,Quality,Strategy,Code,Relative,Shared,Similar,No,No
10328,13772,https://community.topcoder.com/longcontest/?module=ViewProblemStatement&rd=13772&pm=10328,93,0.36186770428015563,1,3444678876,3447028635,684,3.0,2.0,10000.0,5.0,7.354838709677419,653.0,No,Yes,Resource or Both,Optimization,Code,Absolute,TC preferred,Similar,No,No
10357,13767,https://community.topcoder.com/longcontest/?module=ViewProblemStatement&rd=13767&pm=10357,238,0.9834710743801653,2,3445777828,3446380802,3139,2.0,1.0,0.0,0.0,13.1890756302521,168.0,No,No,Quality,Optimization,Code,Relative,Shared,Similar,No,No
10357,13786,https://community.topcoder.com/longcontest/?module=ViewProblemStatement&rd=13786&pm=10357,40,0.4444444444444444,2,3445777828,3446380722,2937,2.0,1.0,0.0,0.0,73.425,168.0,No,No,Quality,Optimization,Code,Relative,Shared,Similar,No,No
10372,13768,https://community.topcoder.com/longcontest/?module=ViewProblemStatement&rd=13768&pm=10372,91,0.9680851063829787,2,3446988645,3448195194,1860,2.0,2.0,0.0,0.0,20.439560439560438,336.0,No,No,Quality,Optimization,Code,Relative,Shared,Similar,No,No
10372,13791,https://community.topcoder.com/longcontest/?module=ViewProblemStatement&rd=13791&pm=10372,79,0.5096774193548387,2,3446988645,3448194376,1833,2.0,2.0,0.0,0.0,23.20253164556962,335.0,No,No,Quality,Optimization,Code,Relative,Shared,Similar,No,No
10390,13796,https://community.topcoder.com/longcontest/?module=ViewProblemStatement&rd=13796&pm=10390,47,0.7580645161290323,6,3448640737,3449235174,1370,2.0,1.5,1000.0,5.0,29.148936170212767,166.0,No,No,Resource or Both,Optimization,Code,Absolute,Shared,Similar,Yes,No
10390,13797,https://community.topcoder.com/longcontest/?module=ViewProblemStatement&rd=13797&pm=10390,48,0.9056603773584906,6,3448640737,3449234517,1366,2.0,1.5,1000.0,5.0,28.458333333333332,165.0,No,No,Resource or Both,Optimization,Code,Absolute,Shared,Similar,Yes,No
10390,13798,https://community.topcoder.com/longcontest/?module=ViewProblemStatement&rd=13798&pm=10390,35,0.7954545454545454,6,3448640737,3449231242,1356,2.0,1.5,1000.0,5.0,38.74285714285714,165.0,No,No,Resource or Both,Optimization,Code,Absolute,Shared,Similar,Yes,No
10390,13799,https://community.topcoder.com/longcontest/?module=ViewProblemStatement&rd=13799&pm=10390,31,1.0,6,3448640737,3449843812,1356,2.0,1.5,1000.0,5.0,43.74193548387097,335.0,No,No,Resource or Both,Optimization,Code,Absolute,Shared,Similar,Yes,No
10390,13800,https://community.topcoder.com/longcontest/?module=ViewProblemStatement&rd=13800&pm=10390,30,1.0,6,3448640737,3449843980,1356,2.0,1.5,1000.0,5.0,45.2,335.0,No,No,Resource or Both,Optimization,Code,Absolute,Shared,Similar,Yes,No
10390,13801,https://community.topcoder.com/longcontest/?module=ViewProblemStatement&rd=13801&pm=10390,18,0.9473684210526315,6,3448640737,3449842622,1344,2.0,1.5,1000.0,5.0,74.66666666666667,334.0,No,No,Resource or Both,Optimization,Code,Absolute,Shared,Similar,Yes,No
10410,13795,https://community.topcoder.com/longcontest/?module=ViewProblemStatement&rd=13795&pm=10410,131,0.3521505376344086,1,3450015412,3451222230,917,1.5,1.0,0.0,0.0,7.0,336.0,No,No,Quality,Strategy,Code,Relative,Shared,Similar,No,No
10458,13872,https://community.topcoder.com/longcontest/?module=ViewProblemStatement&rd=13872&pm=10458,10,1.0,1,3452948156,3452975999,258,2.0,1.0,0.0,0.0,25.8,8.0,No,No,Quality,Strategy,Code,Absolute,Shared,Similar,No,No
10474,13897,https://community.topcoder.com/longcontest/?module=ViewProblemStatement&rd=13897&pm=10474,261,0.47889908256880737,1,3454851969,3456061184,1413,1.0,1.0,0.0,0.0,5.413793103448276,336.0,No,No,Quality,Optimization,Code,Absolute,Shared,Similar,No,No
10475,13923,https://community.topcoder.com/longcontest/?module=ViewProblemStatement&rd=13923&pm=10475,131,0.3447368421052632,1,3457281790,3458480392,622,2.0,1.0,0.0,0.0,4.748091603053435,333.0,No,No,Quality,Optimization,Code,Absolute,Shared,Similar,No,No
10576,13934,https://community.topcoder.com/longcontest/?module=ViewProblemStatement&rd=13934&pm=10576,164,0.36363636363636365,1,3459171920,3460381160,663,3.0,2.0,5000.0,5.0,4.0426829268292686,336.0,Yes,No,Quality,Prediction,Code,Absolute,TC preferred,Similar,No,No
10621,13953,https://community.topcoder.com/longcontest/?module=ViewProblemStatement&rd=13953&pm=10621,173,0.484593837535014,1,3461098122,3462281591,813,2.0,1.0,5000.0,5.0,4.699421965317919,329.0,No,No,Resource or Both,Optimization,Code,Relative,Shared,Similar,No,No
10655,13964,https://community.topcoder.com/longcontest/?module=ViewProblemStatement&rd=13964&pm=10655,219,0.5407407407407407,1,3463414507,3464614783,1251,2.0,1.0,0.0,0.0,5.712328767123288,334.0,No,No,Quality,Optimization,Code,Absolute,Shared,Similar,No,No
10676,14001,https://community.topcoder.com/longcontest/?module=ViewProblemStatement&rd=14001&pm=10676,33,0.28205128205128205,2,3468829971,3469965780,507,2.0,1.0,0.0,0.0,15.363636363636363,316.0,No,No,Quality,Exploration,Code,Absolute,Shared,Similar,No,No
10676,14176,https://community.topcoder.com/longcontest/?module=ViewProblemStatement&rd=14176&pm=10676,37,0.5606060606060606,2,3468829971,3469974222,511,2.0,1.0,0.0,0.0,13.81081081081081,318.0,No,No,Quality,Exploration,Code,Absolute,Shared,Similar,No,No
10679,14162,https://community.topcoder.com/longcontest/?module=ViewProblemStatement&rd=14162&pm=10679,221,0.68,1,3467397007,3467987877,1522,2.0,1.0,0.0,0.0,6.886877828054299,165.0,No,No,Quality,Exploration,Code,Absolute,TC preferred,Similar,No,No
10728,14195,https://community.topcoder.com/longcontest/?module=ViewProblemStatement&rd=14195&pm=10728,168,0.597864768683274,2,3471020117,3472221596,1295,2.0,1.0,0.0,0.0,7.708333333333333,334.0,No,No,Quality,Strategy,Code,Absolute,Shared,Similar,No,No
10728,14196,https://community.topcoder.com/longcontest/?module=ViewProblemStatement&rd=14196&pm=10728,75,0.78125,2,3471020117,3472221504,1211,2.0,1.0,0.0,0.0,16.14666666666667,334.0,No,No,Quality,Strategy,Code,Absolute,Shared,Similar,No,No
10729,16702,https://community.topcoder.com/longcontest/?module=ViewProblemStatement&rd=16702&pm=10729,136,0.9927007299270073,1,3668953547,3670160387,2165,2.0,1.0,0.0,0.0,15.919117647058824,336.0,No,No,Quality,Optimization,Code,Relative,Shared,Similar,No,No
10756,14207,https://community.topcoder.com/longcontest/?module=ViewProblemStatement&rd=14207&pm=10756,29,0.7435897435897436,2,3473005859,3474206303,668,2.0,1.0,3000.0,5.0,23.03448275862069,334.0,No,No,Quality,Inference,Code,Absolute,Shared,Similar,No,No
10756,14209,https://community.topcoder.com/longcontest/?module=ViewProblemStatement&rd=14209&pm=10756,61,0.3885350318471338,2,3473005859,3474208752,691,2.0,1.0,3000.0,5.0,11.327868852459016,335.0,No,No,Quality,Inference,Code,Absolute,Shared,Similar,No,No
10807,14208,https://community.topcoder.com/longcontest/?module=ViewProblemStatement&rd=14208&pm=10807,30,0.45454545454545453,2,3475432167,3476627957,501,2.0,1.0,3000.0,5.0,16.7,333.0,No,No,Quality,Strategy,Code,Absolute,Shared,Similar,No,No
10807,14210,https://community.topcoder.com/longcontest/?module=ViewProblemStatement&rd=14210&pm=10807,61,0.324468085106383,2,3475432167,3476627572,517,2.0,1.0,3000.0,5.0,8.475409836065573,333.0,No,No,Quality,Strategy,Code,Absolute,Shared,Similar,No,No
10844,14226,https://community.topcoder.com/longcontest/?module=ViewProblemStatement&rd=14226&pm=10844,375,0.6097560975609756,1,3478444781,3479648338,2032,2.0,1.0,0.0,0.0,5.418666666666667,335.0,No,No,Quality,Optimization,Code,Relative,TC preferred,Similar,No,No
10885,14227,https://community.topcoder.com/longcontest/?module=ViewProblemStatement&rd=14227&pm=10885,312,0.6190476190476191,1,3480256417,3481462764,2515,1.0,1.0,0.0,0.0,8.060897435897436,336.0,No,No,Quality,Optimization,Code,Absolute,Shared,Similar,No,No
10918,14264,https://community.topcoder.com/longcontest/?module=ViewProblemStatement&rd=14264&pm=10918,212,0.4690265486725664,1,3482073855,3483277163,1284,2.0,2.0,0.0,0.0,6.056603773584905,335.0,No,No,Quality,Optimization,Code,Absolute,Shared,Similar,No,No
10942,14272,https://community.topcoder.com/longcontest/?module=ViewProblemStatement&rd=14272&pm=10942,438,0.6616314199395771,2,3483278356,3485696381,4109,2.0,1.0,0.0,0.0,9.381278538812785,672.0,No,No,Quality,Optimization,Code,Relative,Shared,Similar,No,No
10942,14300,https://community.topcoder.com/longcontest/?module=ViewProblemStatement&rd=14300&pm=10942,65,0.23381294964028776,2,3483278356,3485696399,3741,2.0,1.0,0.0,0.0,57.55384615384615,672.0,No,No,Quality,Optimization,Code,Relative,Shared,Similar,No,No
10967,16494,https://community.topcoder.com/longcontest/?module=ViewProblemStatement&rd=16494&pm=10967,77,0.9390243902439024,1,3653661998,3654867573,904,1.0,1.0,0.0,0.0,11.74025974025974,335.0,No,No,Quality,Optimization,Code,Absolute,Shared,Similar,No,No
10989,14273,https://community.topcoder.com/longcontest/?module=ViewProblemStatement&rd=14273&pm=10989,254,0.9883268482490273,2,3486302126,3487510775,3894,2.0,1.0,0.0,0.0,15.330708661417322,336.0,No,No,Quality,Optimization,Code,Absolute,Shared,Similar,No,No
10989,14339,https://community.topcoder.com/longcontest/?module=ViewProblemStatement&rd=14339&pm=10989,76,0.4578313253012048,2,3486302126,3487510700,3709,2.0,1.0,0.0,0.0,48.80263157894737,336.0,No,No,Quality,Optimization,Code,Absolute,Shared,Similar,No,No
11016,14274,https://community.topcoder.com/longcontest/?module=ViewProblemStatement&rd=14274&pm=11016,79,0.9753086419753086,2,3488729144,3489929963,1823,2.0,1.0,0.0,0.0,23.075949367088608,334.0,No,No,Resource or Both,Optimization,Code,Absolute,Shared,Similar,No,No
11016,14351,https://community.topcoder.com/longcontest/?module=ViewProblemStatement&rd=14351&pm=11016,45,0.26011560693641617,2,3488729144,3489929393,1777,2.0,1.0,0.0,0.0,39.48888888888889,334.0,No,No,Resource or Both,Optimization,Code,Absolute,Shared,Similar,No,No
11122,14355,https://community.topcoder.com/longcontest/?module=ViewProblemStatement&rd=14355&pm=11122,160,0.4610951008645533,1,3493563110,3494768347,1161,2.0,1.0,0.0,0.0,7.25625,335.0,No,No,Quality,Strategy,Code,Relative,Shared,Similar,No,No
11123,14412,https://community.topcoder.com/longcontest/?module=ViewProblemStatement&rd=14412&pm=11123,293,0.6525612472160356,1,3497188113,3498400774,2064,2.0,1.0,0.0,0.0,7.044368600682594,337.0,No,No,Quality,Optimization,Code,Relative,Shared,Similar,No,No
11140,14275,https://community.topcoder.com/longcontest/?module=ViewProblemStatement&rd=14275&pm=11140,12,1.0,1,3495890946,3495974201,281,2.0,1.0,0.0,0.0,23.416666666666668,24.0,No,No,Quality,Strategy,Code,Absolute,Shared,Similar,No,No
11313,14481,https://community.topcoder.com/longcontest/?module=ViewProblemStatement&rd=14481&pm=11313,139,0.281947261663286,1,3505228959,3507040716,794,3.0,2.0,10000.0,5.0,5.712230215827338,504.0,Yes,No,Quality,Classification,Code,Absolute,TC preferred,Similar,No,No
11353,14495,https://community.topcoder.com/longcontest/?module=ViewProblemStatement&rd=14495&pm=11353,147,0.4388059701492537,1,3510409618,3511011583,1055,2.0,2.0,0.0,0.0,7.1768707482993195,168.0,No,No,Quality,Optimization,Code,Absolute,Shared,Similar,No,No
11367,14502,https://community.topcoder.com/longcontest/?module=ViewProblemStatement&rd=14502&pm=11367,368,0.6752293577981652,2,3511704981,3514121974,3947,2.0,1.0,0.0,0.0,10.72554347826087,672.0,No,No,Quality,Inference,Code,Absolute,Shared,Similar,No,No
11367,14503,https://community.topcoder.com/longcontest/?module=ViewProblemStatement&rd=14503&pm=11367,51,0.21794871794871795,2,3511704981,3514118674,3634,2.0,1.0,0.0,0.0,71.25490196078431,671.0,No,No,Quality,Inference,Code,Absolute,Shared,Similar,No,No
11441,14556,https://community.topcoder.com/longcontest/?module=ViewProblemStatement&rd=14556&pm=11441,222,0.961038961038961,2,3515937851,3517145999,3786,2.0,1.0,0.0,0.0,17.054054054054053,336.0,No,No,Quality,Optimization,Code,Relative,Shared,Similar,No,No
11441,14557,https://community.topcoder.com/longcontest/?module=ViewProblemStatement&rd=14557&pm=11441,39,0.2582781456953642,2,3515937851,3517145884,3592,2.0,1.0,0.0,0.0,92.1025641025641,336.0,No,No,Quality,Optimization,Code,Relative,Shared,Similar,No,No
11457,14570,https://community.topcoder.com/longcontest/?module=ViewProblemStatement&rd=14570&pm=11457,70,0.22653721682847897,1,3517207126,3518355461,574,3.0,2.0,10000.0,5.0,8.2,319.0,Yes,No,Quality,Detection,Code,Absolute,Shared,Similar,No,No
11481,14565,https://community.topcoder.com/longcontest/?module=ViewProblemStatement&rd=14565&pm=11481,88,0.9887640449438202,2,3518356985,3519565165,2062,2.0,2.0,0.0,0.0,23.431818181818183,336.0,No,No,Quality,Exploration,Code,Relative,Shared,Similar,No,No
11481,14581,https://community.topcoder.com/longcontest/?module=ViewProblemStatement&rd=14581&pm=11481,58,0.3493975903614458,2,3518356985,3519564379,2019,2.0,2.0,0.0,0.0,34.810344827586206,336.0,No,No,Quality,Exploration,Code,Relative,Shared,Similar,No,No
11558,14632,https://community.topcoder.com/longcontest/?module=ViewProblemStatement&rd=14632&pm=11558,12,1.0,1,3526036696,3526077474,338,3.0,2.0,0.0,0.0,28.166666666666668,12.0,No,No,Quality,Optimization,Code,Relative,Shared,Similar,No,No
11585,14672,https://community.topcoder.com/longcontest/?module=ViewProblemStatement&rd=14672&pm=11585,254,0.5110663983903421,1,3528465723,3529677557,1731,2.0,1.0,0.0,0.0,6.81496062992126,337.0,No,No,Quality,Optimization,Code,Relative,Shared,Similar,No,No
11734,15023,https://community.topcoder.com/longcontest/?module=ViewProblemStatement&rd=15023&pm=11734,173,0.5728476821192053,1,3534872755,3536675986,883,3.0,2.0,10000.0,5.0,5.104046242774566,501.0,No,No,Resource or Both,Optimization,Code,Absolute,TC preferred,Similar,No,No
11747,15034,https://community.topcoder.com/longcontest/?module=ViewProblemStatement&rd=15034&pm=11747,234,0.5693430656934306,1,3536959148,3538144706,1361,3.0,2.0,10000.0,5.0,5.816239316239316,330.0,Yes,No,Quality,Classification,Code,Absolute,TC preferred,Similar,No,No
11776,15038,https://community.topcoder.com/longcontest/?module=ViewProblemStatement&rd=15038&pm=11776,256,0.7925696594427245,1,3537294223,3538490357,1460,3.0,2.0,10000.0,5.0,5.703125,333.0,No,No,Resource or Both,Optimization,Code,Absolute,TC preferred,Similar,No,No
11786,15078,https://community.topcoder.com/longcontest/?module=ViewProblemStatement&rd=15078&pm=11786,75,0.7009345794392523,1,3540739911,3541942574,733,3.0,2.0,10000.0,5.0,9.773333333333333,335.0,No,Yes,Resource or Both,Optimization,Code,Absolute,TC preferred,Similar,No,No
11806,15076,https://community.topcoder.com/longcontest/?module=ViewProblemStatement&rd=15076&pm=11806,60,0.3973509933774834,1,3540291916,3542029171,420,3.0,2.0,10000.0,5.0,7.0,483.0,Yes,No,Quality,Inference,Code,Absolute,TC preferred,Similar,No,No
11816,15077,https://community.topcoder.com/longcontest/?module=ViewProblemStatement&rd=15077&pm=11816,81,0.5869565217391305,1,3540369084,3541514382,707,3.0,1.0,7500.0,5.0,8.728395061728396,319.0,No,No,Quality,Optimization,Code,Absolute,TC only,Similar,Yes,No
11824,15080,https://community.topcoder.com/longcontest/?module=ViewProblemStatement&rd=15080&pm=11824,36,0.5538461538461539,1,3540917123,3542118731,402,2.5,2.0,1000.0,2.0,11.166666666666666,334.0,Yes,Yes,Quality,Classification,Code,Absolute,TC preferred,Similar,No,No
11839,15087,https://community.topcoder.com/longcontest/?module=ViewProblemStatement&rd=15087&pm=11839,27,0.10756972111553785,1,3541811301,3543584152,313,3.0,2.0,10000.0,5.0,11.592592592592593,493.0,Yes,Yes,Resource or Both,Detection,Code,Absolute,Shared,Similar,No,No
11859,15099,https://community.topcoder.com/longcontest/?module=ViewProblemStatement&rd=15099&pm=11859,148,0.4134078212290503,2,3542551577,3543757115,1775,2.0,1.0,0.0,0.0,11.993243243243244,335.0,No,No,Quality,Optimization,Code,Absolute,Shared,Similar,No,No
11859,15104,https://community.topcoder.com/longcontest/?module=ViewProblemStatement&rd=15104&pm=11859,12,0.14457831325301204,2,3542551577,3543752358,1656,2.0,1.0,0.0,0.0,138.0,334.0,No,No,Quality,Optimization,Code,Absolute,Shared,Similar,No,No
11909,15100,https://community.topcoder.com/longcontest/?module=ViewProblemStatement&rd=15100&pm=11909,132,0.6875,2,3544968032,3546176211,1817,2.0,1.0,0.0,0.0,13.765151515151516,336.0,No,No,Quality,Strategy,Code,Absolute,Shared,Similar,No,No
11909,15125,https://community.topcoder.com/longcontest/?module=ViewProblemStatement&rd=15125&pm=11909,7,1.0,2,3544968032,3546158311,1699,2.0,1.0,0.0,0.0,242.71428571428572,331.0,No,No,Quality,Strategy,Code,Absolute,Shared,Similar,No,No
11915,15130,https://community.topcoder.com/longcontest/?module=ViewProblemStatement&rd=15130&pm=11915,75,0.47770700636942676,1,3545526986,3546694782,704,2.0,2.0,10000.0,5.0,9.386666666666667,325.0,No,Yes,Resource or Both,Optimization,Code,Absolute,TC preferred,Similar,Yes,No
11942,15137,https://community.topcoder.com/longcontest/?module=ViewProblemStatement&rd=15137&pm=11942,163,0.49096385542168675,1,3546236103,3547511929,860,2.0,2.0,0.0,0.0,5.276073619631902,355.0,No,No,Quality,Optimization,Code,Relative,Shared,Similar,No,No
11953,15189,https://community.topcoder.com/longcontest/?module=ViewProblemStatement&rd=15189&pm=11953,73,0.553030303030303,1,3548112852,3549239974,603,3.0,3.0,10000.0,5.0,8.26027397260274,314.0,Yes,No,Quality,Prediction,Code,Absolute,TC preferred,Different,No,No
11984,15101,https://community.topcoder.com/longcontest/?module=ViewProblemStatement&rd=15101&pm=11984,137,0.6919191919191919,2,3547388399,3548595557,2477,2.0,2.0,0.0,0.0,18.080291970802918,336.0,No,No,Quality,Optimization,Code,Relative,Shared,Similar,No,No
11984,15155,https://community.topcoder.com/longcontest/?module=ViewProblemStatement&rd=15155&pm=11984,19,0.1792452830188679,2,3547388399,3548588073,2357,2.0,2.0,0.0,0.0,124.05263157894737,334.0,No,No,Quality,Optimization,Code,Relative,Shared,Similar,No,No
12122,15520,https://community.topcoder.com/longcontest/?module=ViewProblemStatement&rd=15520&pm=12122,459,0.9198396793587175,1,3567351160,3569162390,1787,3.0,2.5,30000.0,10.0,3.893246187363834,504.0,Yes,No,Quality,Optimization,Code,Absolute,Shared,Different,Yes,No
12154,15322,https://community.topcoder.com/longcontest/?module=ViewProblemStatement&rd=15322&pm=12154,56,0.9333333333333333,1,3554739590,3556472128,590,2.0,2.0,10000.0,5.0,10.535714285714286,482.0,Yes,No,Quality,Prediction,Code,Absolute,TC preferred,Similar,No,No
12204,15154,https://community.topcoder.com/longcontest/?module=ViewProblemStatement&rd=15154&pm=12204,12,1.0,2,3558089209,3558131986,689,2.0,2.0,0.0,0.0,57.416666666666664,12.0,No,No,Quality,Strategy,Code,Relative,Shared,Similar,No,No
12204,15409,https://community.topcoder.com/longcontest/?module=ViewProblemStatement&rd=15409&pm=12204,20,0.9523809523809523,2,3558089209,3560172888,697,2.0,2.0,0.0,0.0,34.85,579.0,No,No,Quality,Strategy,Code,Relative,Shared,Similar,No,No
12234,15398,https://community.topcoder.com/longcontest/?module=ViewProblemStatement&rd=15398&pm=12234,38,0.95,1,3559121159,3559262338,455,2.0,2.0,1000.0,2.0,11.973684210526315,40.0,No,No,Quality,Strategy,Code,Relative,Shared,Similar,No,No
12284,15458,https://community.topcoder.com/longcontest/?module=ViewProblemStatement&rd=15458&pm=12284,55,0.9821428571428571,1,3562347991,3564151060,465,3.0,3.0,10000.0,5.0,8.454545454545455,501.0,Yes,No,Quality,Prediction,Code,Absolute,Shared,Similar,No,No
12444,15570,https://community.topcoder.com/longcontest/?module=ViewProblemStatement&rd=15570&pm=12444,112,1.0,1,3570978249,3572182640,1115,1.5,1.0,0.0,0.0,9.955357142857142,335.0,No,No,Quality,Optimization,Code,Relative,Shared,Similar,No,No
12472,15611,https://community.topcoder.com/longcontest/?module=ViewProblemStatement&rd=15611&pm=12472,40,0.7407407407407407,2,3573831783,3576229032,453,3.0,2.5,10000.0,4.0,11.325,666.0,Yes,No,Resource or Both,Detection,Code,Absolute,Shared,Similar,No,No
12472,15652,https://community.topcoder.com/longcontest/?module=ViewProblemStatement&rd=15652&pm=12472,35,0.6481481481481481,2,3573831783,3575624356,445,3.0,2.5,10000.0,4.0,12.714285714285714,498.0,Yes,No,Resource or Both,Detection,Code,Absolute,Shared,Similar,No,No
12487,15608,https://community.topcoder.com/longcontest/?module=ViewProblemStatement&rd=15608&pm=12487,329,0.987987987987988,2,3573394536,3574601983,3410,2.0,1.0,0.0,0.0,10.364741641337385,336.0,No,No,Quality,Strategy,Code,Relative,Shared,Similar,No,No
12487,15609,https://community.topcoder.com/longcontest/?module=ViewProblemStatement&rd=15609&pm=12487,16,0.9411764705882353,2,3573394536,3574601061,3110,2.0,1.0,0.0,0.0,194.375,336.0,No,No,Quality,Strategy,Code,Relative,Shared,Similar,No,No
12507,15618,https://community.topcoder.com/longcontest/?module=ViewProblemStatement&rd=15618&pm=12507,66,0.9295774647887324,1,3574187271,3575386469,377,3.5,3.0,10000.0,5.0,5.712121212121212,334.0,Yes,No,Quality,Prediction,Code,Relative,TC preferred,Different,No,No
12525,15637,https://community.topcoder.com/longcontest/?module=ViewProblemStatement&rd=15637&pm=12525,56,0.9824561403508771,1,3575934636,3576661039,576,3.0,2.0,10000.0,5.0,10.285714285714286,202.0,Yes,Yes,Resource or Both,Optimization,Code,Relative,Shared,Similar,No,No
12544,15648,https://community.topcoder.com/longcontest/?module=ViewProblemStatement&rd=15648&pm=12544,247,0.9959677419354839,2,3576417314,3577625994,2973,2.0,1.0,0.0,0.0,12.036437246963562,336.0,No,No,Quality,Optimization,Code,Absolute,Shared,Similar,No,No
12544,15649,https://community.topcoder.com/longcontest/?module=ViewProblemStatement&rd=15649&pm=12544,13,1.0,2,3576417314,3577593172,2753,2.0,1.0,0.0,0.0,211.76923076923077,327.0,No,No,Quality,Optimization,Code,Absolute,Shared,Similar,No,No
12555,15658,https://community.topcoder.com/longcontest/?module=ViewProblemStatement&rd=15658&pm=12555,132,0.9850746268656716,1,3577808305,3578410729,1662,2.0,2.0,0.0,0.0,12.590909090909092,168.0,No,No,Quality,Optimization,Code,Relative,Shared,Similar,No,No
12574,15678,https://community.topcoder.com/longcontest/?module=ViewProblemStatement&rd=15678&pm=12574,32,0.8421052631578947,1,3578240539,3579425664,341,3.0,3.0,6000.0,2.0,10.65625,330.0,Yes,Yes,Quality,Prediction,Code,Absolute,TC preferred,Similar,No,Yes
12593,15683,https://community.topcoder.com/longcontest/?module=ViewProblemStatement&rd=15683&pm=12593,261,0.9961832061068703,2,3579440938,3580649968,3840,2.0,1.0,0.0,0.0,14.71264367816092,336.0,No,No,Quality,Optimization,Code,Relative,Shared,Similar,No,No
12593,15684,https://community.topcoder.com/longcontest/?module=ViewProblemStatement&rd=15684&pm=12593,23,0.9583333333333334,2,3579440938,3580649931,3606,2.0,1.0,0.0,0.0,156.7826086956522,336.0,No,No,Quality,Optimization,Code,Relative,Shared,Similar,No,No
12621,15765,https://community.topcoder.com/longcontest/?module=ViewProblemStatement&rd=15765&pm=12621,39,0.9069767441860465,1,3588212714,3589808372,315,3.0,2.0,15000.0,4.0,8.076923076923077,444.0,Yes,No,Quality,Detection,Code,Relative,Shared,Similar,Yes,No
12634,15761,https://community.topcoder.com/longcontest/?module=ViewProblemStatement&rd=15761&pm=12634,93,0.9587628865979382,1,3586228744,3587997525,850,3.0,2.0,25000.0,5.0,9.13978494623656,492.0,Yes,No,Quality,Prediction,Code,Absolute,TC preferred,Similar,No,No
12835,15801,https://community.topcoder.com/longcontest/?module=ViewProblemStatement&rd=15801&pm=12835,12,1.0,1,3593167773,3593210344,394,2.0,2.0,0.0,0.0,32.833333333333336,12.0,No,No,Quality,Optimization,Code,Relative,Shared,Similar,No,No
12873,15825,https://community.topcoder.com/longcontest/?module=ViewProblemStatement&rd=15825&pm=12873,175,0.9887005649717514,1,3595349350,3596551152,1605,2.0,1.0,0.0,0.0,9.17142857142857,334.0,No,No,Quality,Optimization,Code,Relative,Shared,Similar,No,No
13084,15995,https://community.topcoder.com/longcontest/?module=ViewProblemStatement&rd=15995&pm=13084,30,0.967741935483871,1,3611250426,3612999090,305,3.0,2.0,15000.0,5.0,10.166666666666666,486.0,Yes,No,Quality,Prediction,Code,Absolute,TC preferred,Similar,No,No
13093,15948,https://community.topcoder.com/longcontest/?module=ViewProblemStatement&rd=15948&pm=13093,69,0.8846153846153846,1,3606859729,3608124931,512,3.0,2.0,10000.0,5.0,7.420289855072464,352.0,Yes,No,Quality,Classification,Code,Absolute,Shared,Similar,No,No
13132,15938,https://community.topcoder.com/longcontest/?module=ViewProblemStatement&rd=15938&pm=13132,333,0.9765395894428153,2,3606053432,3607261162,3627,1.0,1.0,0.0,0.0,10.891891891891891,336.0,No,No,Quality,Optimization,Code,Relative,Shared,Similar,No,No
13132,15939,https://community.topcoder.com/longcontest/?module=ViewProblemStatement&rd=15939&pm=13132,15,1.0,2,3606053432,3607256410,3323,1.0,1.0,0.0,0.0,221.53333333333333,335.0,No,No,Quality,Optimization,Code,Relative,Shared,Similar,No,No
13141,15955,https://community.topcoder.com/longcontest/?module=ViewProblemStatement&rd=15955&pm=13141,47,0.9791666666666666,1,3607335694,3609089581,671,3.0,2.0,14400.0,4.0,14.27659574468085,488.0,Yes,No,Quality,Inference,List of Answers,Absolute,TC preferred,Similar,No,No
13156,16051,https://community.topcoder.com/longcontest/?module=ViewProblemStatement&rd=16051&pm=13156,43,0.7818181818181819,1,3615303704,3616592373,660,3.0,4.0,15000.0,5.0,15.348837209302326,358.0,Yes,No,Quality,Strategy,Code,Absolute,Shared,Similar,No,No
13189,15982,https://community.topcoder.com/longcontest/?module=ViewProblemStatement&rd=15982&pm=13189,170,1.0,2,3609683731,3610889956,2513,2.0,1.0,0.0,0.0,14.782352941176471,336.0,No,No,Quality,Optimization,Code,Relative,Shared,Similar,No,No
13189,15983,https://community.topcoder.com/longcontest/?module=ViewProblemStatement&rd=15983&pm=13189,8,0.6666666666666666,2,3609683731,3610889360,2350,2.0,1.0,0.0,0.0,293.75,335.0,No,No,Quality,Optimization,Code,Relative,Shared,Similar,No,No
13190,16001,https://community.topcoder.com/longcontest/?module=ViewProblemStatement&rd=16001&pm=13190,42,0.9545454545454546,1,3611657268,3613312634,484,3.0,3.0,16750.0,5.0,11.523809523809524,460.0,No,Yes,Resource or Both,Detection,Code,Absolute,Shared,Similar,No,No
13244,16040,https://community.topcoder.com/longcontest/?module=ViewProblemStatement&rd=16040&pm=13244,47,0.9038461538461539,1,3617912497,3619356998,374,3.0,3.0,20000.0,5.0,7.957446808510638,402.0,Yes,No,Quality,Detection,Code,Absolute,Shared,Similar,No,No
13246,16012,https://community.topcoder.com/longcontest/?module=ViewProblemStatement&rd=16012&pm=13246,130,0.9923664122137404,2,3612706076,3613924798,2342,2.5,2.0,0.0,0.0,18.015384615384615,339.0,No,No,Quality,Optimization,Code,Relative,Shared,Similar,No,No
13246,16013,https://community.topcoder.com/longcontest/?module=ViewProblemStatement&rd=16013&pm=13246,19,0.95,2,3612706076,3613924085,2229,2.5,2.0,0.0,0.0,117.3157894736842,339.0,No,No,Quality,Optimization,Code,Relative,Shared,Similar,No,No
13367,16065,https://community.topcoder.com/longcontest/?module=ViewProblemStatement&rd=16065&pm=13367,114,0.991304347826087,1,3616783555,3617629151,1006,2.0,2.0,20000.0,5.0,8.824561403508772,235.0,Yes,No,Quality,Prediction,Code,Absolute,TC preferred,Similar,No,No
13379,16069,https://community.topcoder.com/longcontest/?module=ViewProblemStatement&rd=16069&pm=13379,35,0.9722222222222222,1,3617546488,3618242617,336,3.0,1.5,10000.0,5.0,9.6,194.0,Yes,No,Quality,Optimization,Code,Absolute,Shared,Similar,No,No
13423,16196,https://community.topcoder.com/longcontest/?module=ViewProblemStatement&rd=16196&pm=13423,12,1.0,1,3625232895,3625275552,447,2.0,1.0,0.0,0.0,37.25,12.0,No,No,Quality,Optimization,Code,Relative,Shared,Similar,No,No
13478,16153,https://community.topcoder.com/longcontest/?module=ViewProblemStatement&rd=16153&pm=13478,42,1.0,2,3620759857,3621167880,667,3.0,2.0,0.0,0.0,15.880952380952381,114.0,Yes,No,Quality,Prediction,Code,Absolute,TC preferred,Similar,No,No
13478,16154,https://community.topcoder.com/longcontest/?module=ViewProblemStatement&rd=16154&pm=13478,31,0.96875,2,3620759857,3621599994,661,3.0,2.0,0.0,0.0,21.322580645161292,234.0,Yes,No,Quality,Prediction,Code,Absolute,TC preferred,Similar,No,No
13491,16165,https://community.topcoder.com/longcontest/?module=ViewProblemStatement&rd=16165&pm=13491,15,0.8823529411764706,2,3622716538,3622899403,443,3.0,3.0,0.0,0.0,29.533333333333335,51.0,Yes,Yes,Quality,Detection,Code,Absolute,Shared,Similar,Yes,No
13491,16166,https://community.topcoder.com/longcontest/?module=ViewProblemStatement&rd=16166&pm=13491,14,1.0,2,3622716538,3623331563,443,3.0,3.0,0.0,0.0,31.642857142857142,171.0,Yes,Yes,Quality,Detection,Code,Absolute,Shared,Similar,Yes,No
13554,16237,https://community.topcoder.com/longcontest/?module=ViewProblemStatement&rd=16237&pm=13554,33,0.8918918918918919,1,3627345595,3628356708,493,3.0,2.0,11750.0,5.0,14.93939393939394,281.0,Yes,No,Quality,Classification,Code,Absolute,Shared,Similar,No,No
13588,16272,https://community.topcoder.com/longcontest/?module=ViewProblemStatement&rd=16272&pm=13588,43,0.9555555555555556,1,3628386317,3629235441,486,3.0,3.0,20000.0,5.0,11.30232558139535,236.0,Yes,No,Quality,Prediction,Code,Absolute,TC preferred,Similar,No,No
13624,16307,https://community.topcoder.com/longcontest/?module=ViewProblemStatement&rd=16307&pm=13624,101,0.9805825242718447,1,3631290099,3632579959,1084,3.0,2.0,15000.0,5.0,10.732673267326733,359.0,Yes,No,Quality,Prediction,Code,Absolute,Shared,Similar,No,No
13662,16349,https://community.topcoder.com/longcontest/?module=ViewProblemStatement&rd=16349&pm=13662,114,0.9827586206896551,1,3633711283,3634307955,1336,2.0,1.0,2500.0,4.0,11.719298245614034,166.0,No,No,Quality,Optimization,Code,Relative,Shared,Similar,No,No
13666,16344,https://community.topcoder.com/longcontest/?module=ViewProblemStatement&rd=16344&pm=13666,65,0.9701492537313433,1,3633401448,3634228790,922,3.0,2.0,20000.0,5.0,14.184615384615384,230.0,Yes,No,Quality,Prediction,Code,Absolute,TC preferred,Similar,No,No
13701,16405,https://community.topcoder.com/longcontest/?module=ViewProblemStatement&rd=16405&pm=13701,38,1.0,1,3636292447,3637688019,735,4.0,2.5,20000.0,5.0,19.342105263157894,388.0,Yes,No,Resource or Both,Detection,Code,Absolute,Shared,Similar,No,Yes
13702,16445,https://community.topcoder.com/longcontest/?module=ViewProblemStatement&rd=16445&pm=13702,171,0.9941860465116279,1,3638545541,3639747505,2190,2.0,1.0,0.0,0.0,12.807017543859649,334.0,No,No,Quality,Optimization,Code,Relative,Shared,Similar,No,No
13718,16430,https://community.topcoder.com/longcontest/?module=ViewProblemStatement&rd=16430&pm=13718,21,0.9545454545454546,1,3637012215,3637688229,636,3.5,3.0,6000.0,3.0,30.285714285714285,188.0,Yes,No,Resource or Both,Detection,Code,Absolute,Shared,Similar,No,Yes
13805,16471,https://community.topcoder.com/longcontest/?module=ViewProblemStatement&rd=16471&pm=13805,172,1.0,1,3641565567,3642771549,2293,2.0,1.0,0.0,0.0,13.331395348837209,335.0,No,No,Quality,Strategy,Code,Relative,Shared,Similar,No,No
13843,16472,https://community.topcoder.com/longcontest/?module=ViewProblemStatement&rd=16472&pm=13843,181,1.0,1,3643983059,3645190760,2493,2.0,1.0,0.0,0.0,13.773480662983426,336.0,No,No,Quality,Optimization,Code,Relative,Shared,Similar,No,No
13845,16498,https://community.topcoder.com/longcontest/?module=ViewProblemStatement&rd=16498&pm=13845,25,0.9615384615384616,1,3643119735,3643981143,598,4.0,1.0,5000.0,3.0,23.92,240.0,Yes,No,Quality,Classification,List of Answers,Absolute,TC preferred,Similar,No,No
13949,16529,https://community.topcoder.com/longcontest/?module=ViewProblemStatement&rd=16529&pm=13949,76,0.9743589743589743,1,3648403181,3649597166,1105,3.0,2.0,20500.0,5.0,14.539473684210526,332.0,Yes,No,Quality,Detection,List of Answers,Absolute,TC preferred,Similar,No,No
13956,16492,https://community.topcoder.com/longcontest/?module=ViewProblemStatement&rd=16492&pm=13956,73,1.0,1,3648476754,3649683559,1050,2.0,1.5,0.0,0.0,14.383561643835616,336.0,No,No,Quality,Strategy,Code,Relative,Shared,Similar,No,No
13978,16555,https://community.topcoder.com/longcontest/?module=ViewProblemStatement&rd=16555&pm=13978,30,1.0,1,3651278402,3653052512,592,3.0,2.0,20500.0,5.0,19.733333333333334,493.0,Yes,No,Quality,Classification,List of Answers,Absolute,TC preferred,Similar,No,No
13993,16493,https://community.topcoder.com/longcontest/?module=ViewProblemStatement&rd=16493&pm=13993,43,0.9772727272727273,1,3651328494,3652534466,695,2.0,1.0,0.0,0.0,16.162790697674417,335.0,No,No,Quality,Strategy,Code,Relative,Shared,Similar,No,No
14078,16612,https://community.topcoder.com/longcontest/?module=ViewProblemStatement&rd=16612&pm=14078,12,1.0,1,3656070548,3656105979,478,2.0,2.0,0.0,0.0,39.833333333333336,10.0,No,No,Quality,Optimization,Code,Relative,Shared,Similar,No,No
14094,16495,https://community.topcoder.com/longcontest/?module=ViewProblemStatement&rd=16495&pm=14094,76,1.0,1,3659106857,3660314390,870,2.0,1.0,0.0,0.0,11.447368421052632,336.0,No,No,Quality,Optimization,Code,Absolute,Shared,Similar,No,No
14181,16672,https://community.topcoder.com/longcontest/?module=ViewProblemStatement&rd=16672&pm=14181,22,0.8461538461538461,1,3665318838,3666434252,194,4.0,3.0,10000.0,5.0,8.818181818181818,310.0,Yes,No,Quality,Inference,Code,Absolute,Shared,Similar,No,No
14185,16677,https://community.topcoder.com/longcontest/?module=ViewProblemStatement&rd=16677&pm=14185,67,0.9178082191780822,1,3667157745,3668345959,863,3.0,2.0,18000.0,5.0,12.880597014925373,331.0,Yes,No,Quality,Classification,Code,Absolute,TC preferred,Similar,No,No
14187,16683,https://community.topcoder.com/longcontest/?module=ViewProblemStatement&rd=16683&pm=14187,96,0.9320388349514563,1,3669798599,3671542704,949,3.0,3.0,20000.0,5.0,9.885416666666666,485.0,Yes,No,Resource or Both,Optimization,Code,Absolute,TC preferred,Similar,No,Yes
14202,16700,https://community.topcoder.com/longcontest/?module=ViewProblemStatement&rd=16700&pm=14202,23,0.9583333333333334,1,3668955057,3669890977,345,3.0,3.0,6000.0,1.0,15.0,260.0,Yes,No,Quality,Prediction,Code,Absolute,TC preferred,Similar,No,Yes
14268,16703,https://community.topcoder.com/longcontest/?module=ViewProblemStatement&rd=16703&pm=14268,183,0.9945652173913043,1,3671977514,3673184077,2618,2.0,2.0,0.0,0.0,14.306010928961749,336.0,No,No,Quality,Strategy,Code,Relative,Shared,Similar,No,No
14281,16828,https://community.topcoder.com/longcontest/?module=ViewProblemStatement&rd=16828&pm=14281,61,1.0,1,3685934675,3687123554,972,2.0,2.0,0.0,0.0,15.934426229508198,331.0,No,No,Quality,Strategy,Code,Relative,Shared,Similar,No,No
14282,16756,https://community.topcoder.com/longcontest/?module=ViewProblemStatement&rd=16756&pm=14282,32,0.9696969696969697,1,3675069613,3675167967,474,2.0,1.0,0.0,0.0,14.8125,28.0,No,No,Quality,Strategy,Code,Absolute,Shared,Similar,No,No
14283,16704,https://community.topcoder.com/longcontest/?module=ViewProblemStatement&rd=16704&pm=14283,101,0.9711538461538461,1,3675612429,3676813196,1835,2.0,1.5,0.0,0.0,18.168316831683168,334.0,No,No,Quality,Optimization,Code,Relative,Shared,Similar,No,No
14337,16753,https://community.topcoder.com/longcontest/?module=ViewProblemStatement&rd=16753&pm=14337,88,1.0,1,3676202352,3677964950,625,3.0,3.0,20000.0,5.0,7.1022727272727275,490.0,Yes,No,Quality,Inference,List of Answers,Absolute,Shared,Similar,No,Yes
14355,16765,https://community.topcoder.com/longcontest/?module=ViewProblemStatement&rd=16765&pm=14355,37,0.9736842105263158,1,3680908429,3682112337,695,3.0,3.0,6700.0,8.0,18.783783783783782,335.0,Yes,No,Quality,Strategy,Code,Absolute,Shared,Similar,Yes,No
14363,16770,https://community.topcoder.com/longcontest/?module=ViewProblemStatement&rd=16770&pm=14363,32,0.9696969696969697,5,3678084862,3679865879,783,3.0,2.0,35000.0,5.0,24.46875,495.0,Yes,No,Quality,Prediction,List of Answers,Absolute,TC preferred,Similar,No,Yes
14363,16781,https://community.topcoder.com/longcontest/?module=ViewProblemStatement&rd=16781&pm=14363,17,1.0,5,3678084862,3679865442,770,3.0,2.0,35000.0,5.0,45.294117647058826,495.0,Yes,No,Quality,Prediction,List of Answers,Absolute,TC preferred,Similar,No,Yes
14363,16782,https://community.topcoder.com/longcontest/?module=ViewProblemStatement&rd=16782&pm=14363,20,1.0,5,3678084862,3679860571,773,3.0,2.0,35000.0,5.0,38.65,494.0,Yes,No,Quality,Prediction,List of Answers,Absolute,TC preferred,Similar,No,Yes
14363,16783,https://community.topcoder.com/longcontest/?module=ViewProblemStatement&rd=16783&pm=14363,37,1.0,5,3678084862,3679865980,790,3.0,2.0,35000.0,5.0,21.35135135135135,495.0,Yes,No,Quality,Prediction,List of Answers,Absolute,TC preferred,Similar,No,Yes
14363,16784,https://community.topcoder.com/longcontest/?module=ViewProblemStatement&rd=16784&pm=14363,15,1.0,5,3678084862,3679865757,766,3.0,2.0,35000.0,5.0,51.06666666666667,495.0,Yes,No,Quality,Prediction,List of Answers,Absolute,TC preferred,Similar,No,Yes
14374,16771,https://community.topcoder.com/longcontest/?module=ViewProblemStatement&rd=16771&pm=14374,53,0.9636363636363636,1,3679804855,3680643563,344,2.0,2.5,7000.0,4.0,6.490566037735849,233.0,Yes,Yes,Quality,Classification,Code,Absolute,TC preferred,Similar,No,No
14378,16734,https://community.topcoder.com/longcontest/?module=ViewProblemStatement&rd=16734&pm=14378,77,0.9746835443037974,1,3682154257,3683321934,893,3.0,2.0,18500.0,5.0,11.597402597402597,325.0,Yes,No,Quality,Classification,List of Answers,Absolute,TC preferred,Similar,No,No
14383,16805,https://community.topcoder.com/longcontest/?module=ViewProblemStatement&rd=16805&pm=14383,24,0.96,1,3683170562,3684617966,213,4.0,3.0,86000.0,5.0,8.875,403.0,Yes,Yes,Quality,Inference,List of Answers,Relative,Shared,Similar,Yes,Yes
14399,16808,https://community.topcoder.com/longcontest/?module=ViewProblemStatement&rd=16808&pm=14399,26,0.9285714285714286,2,3684711892,3685913978,525,4.0,3.0,10000.0,5.0,20.192307692307693,334.0,Yes,Yes,Quality,Inference,Code,Absolute,Shared,Similar,Yes,Yes
14399,16829,https://community.topcoder.com/longcontest/?module=ViewProblemStatement&rd=16829&pm=14399,11,0.9166666666666666,2,3684711892,3686516530,509,4.0,3.0,10000.0,5.0,46.27272727272727,502.0,Yes,Yes,Quality,Inference,Code,Absolute,Shared,Similar,Yes,Yes
14439,16835,https://community.topcoder.com/longcontest/?module=ViewProblemStatement&rd=16835&pm=14439,42,1.0,1,3689229076,3690205174,382,3.0,3.0,35000.0,5.0,9.095238095238095,272.0,Yes,No,Quality,Segmentation,List of Answers,Absolute,Shared,Similar,No,No
14445,16838,https://community.topcoder.com/longcontest/?module=ViewProblemStatement&rd=16838&pm=14445,8,1.0,1,3688553671,3688588688,431,2.0,1.5,0.0,0.0,53.875,10.0,No,No,Quality,Optimization,Code,Relative,Shared,Similar,No,No
14446,16826,https://community.topcoder.com/longcontest/?module=ViewProblemStatement&rd=16826&pm=14446,39,0.9069767441860465,1,3688123107,3689114188,651,2.5,2.0,7000.0,4.0,16.692307692307693,276.0,Yes,No,Quality,Prediction,Code,Absolute,TC preferred,Similar,No,No
14485,16857,https://community.topcoder.com/longcontest/?module=ViewProblemStatement&rd=16857&pm=14485,70,1.0,1,3692587090,3693785228,984,1.0,2.0,0.0,0.0,14.057142857142857,333.0,No,No,Quality,Optimization,Code,Absolute,Shared,Similar,No,No
14543,16887,https://community.topcoder.com/longcontest/?module=ViewProblemStatement&rd=16887&pm=14543,80,1.0,1,3697416583,3698625551,1280,2.0,2.0,0.0,0.0,16.0,336.0,No,No,Quality,Optimization,Code,Absolute,Shared,Similar,No,No
14551,16892,https://community.topcoder.com/longcontest/?module=ViewProblemStatement&rd=16892&pm=14551,14,1.0,1,3699172243,3704574031,313,3.5,3.0,15500.0,3.0,22.357142857142858,1501.0,Yes,Yes,Quality,Segmentation,List of Answers,Absolute,Shared,Similar,No,Yes
14565,16903,https://community.topcoder.com/longcontest/?module=ViewProblemStatement&rd=16903&pm=14565,146,0.9864864864864865,1,3701037369,3702243503,2179,2.0,1.5,0.0,0.0,14.924657534246576,336.0,No,No,Quality,Optimization,Code,Absolute,Shared,Similar,No,No
14599,16928,https://community.topcoder.com/longcontest/?module=ViewProblemStatement&rd=16928&pm=14599,107,0.9907407407407407,1,3703462631,3704662798,2177,2.0,1.5,0.0,0.0,20.345794392523363,334.0,No,No,Quality,Strategy,Code,Relative,Shared,Similar,No,No
14615,16930,https://community.topcoder.com/longcontest/?module=ViewProblemStatement&rd=16930&pm=14615,28,1.0,1,3704572300,3705094607,775,1.5,1.0,0.0,0.0,27.678571428571427,146.0,No,No,Quality,Exploration,Code,Relative,Shared,Similar,No,No
14622,16950,https://community.topcoder.com/longcontest/?module=ViewProblemStatement&rd=16950&pm=14622,65,1.0,1,3709065483,3710850934,917,3.0,2.5,26000.0,5.0,14.107692307692307,496.0,Yes,No,Quality,Segmentation,List of Answers,Absolute,TC preferred,Similar,No,Yes
14636,16944,https://community.topcoder.com/longcontest/?module=ViewProblemStatement&rd=16944&pm=14636,120,1.0,1,3708294785,3709501156,2543,2.0,1.0,0.0,0.0,21.191666666666666,336.0,No,No,Quality,Strategy,Code,Absolute,Shared,Similar,No,No
14638,16937,https://community.topcoder.com/longcontest/?module=ViewProblemStatement&rd=16937&pm=14638,37,1.0,1,3710372576,3714911989,857,3.0,3.0,50000.0,5.0,23.16216216216216,1261.0,Yes,No,Quality,Inference,List of Answers,Absolute,TC preferred,Similar,No,No
14678,16958,https://community.topcoder.com/longcontest/?module=ViewProblemStatement&rd=16958&pm=14678,70,0.9859154929577465,1,3711928926,3712524608,1013,2.0,2.0,0.0,0.0,14.471428571428572,166.0,No,No,Quality,Optimization,Code,Relative,Shared,Similar,No,No
14679,16981,https://community.topcoder.com/longcontest/?module=ViewProblemStatement&rd=16981&pm=14679,90,1.0,1,3713050576,3713302762,1488,1.5,1.0,0.0,1.5,16.533333333333335,71.0,No,No,Quality,Optimization,Code,Relative,Shared,Similar,No,No
14691,16978,https://community.topcoder.com/longcontest/?module=ViewProblemStatement&rd=16978&pm=14691,56,1.0,1,3712565478,3713907462,778,3.0,2.0,26000.0,5.0,13.892857142857142,373.0,Yes,No,Quality,Classification,List of Answers,Absolute,TC preferred,Similar,No,No
14703,17007,https://community.topcoder.com/longcontest/?module=ViewProblemStatement&rd=17007&pm=14703,54,0.9642857142857143,1,3717191845,3721423922,598,3.0,2.0,39500.0,5.0,11.074074074074074,1176.0,Yes,Yes,Quality,Segmentation,List of Answers,Absolute,Shared,Different,No,No
14713,17004,https://community.topcoder.com/longcontest/?module=ViewProblemStatement&rd=17004&pm=14713,23,1.0,1,3716173196,3718400004,587,3.0,2.5,15000.0,5.0,25.52173913043478,619.0,Yes,Yes,Quality,Detection,List of Answers,Absolute,TC preferred,Similar,No,Yes
14722,16959,https://community.topcoder.com/longcontest/?module=ViewProblemStatement&rd=16959&pm=14722,68,1.0,1,3716163261,3716758563,1238,2.0,1.5,0.0,0.0,18.205882352941178,166.0,No,No,Quality,Optimization,Code,Relative,Shared,Similar,No,No
14733,17020,https://community.topcoder.com/longcontest/?module=ViewProblemStatement&rd=17020&pm=14733,12,1.0,1,3717667372,3717701993,625,2.0,2.0,0.0,0.0,52.083333333333336,10.0,No,No,Quality,Strategy,Code,Relative,Shared,Similar,No,No
14741,17052,https://community.topcoder.com/longcontest/?module=ViewProblemStatement&rd=17052&pm=14741,40,0.975609756097561,1,3722826901,3723415106,712,2.0,1.0,0.0,0.0,17.8,164.0,No,No,Quality,Optimization,Code,Absolute,Shared,Similar,No,No
14799,17070,https://community.topcoder.com/longcontest/?module=ViewProblemStatement&rd=17070&pm=14799,30,0.9375,1,3726938104,3728519908,622,3.0,2.0,29000.0,5.0,20.733333333333334,440.0,Yes,No,Quality,Segmentation,List of Answers,Absolute,TC preferred,Similar,No,Yes
14816,17063,https://community.topcoder.com/longcontest/?module=ViewProblemStatement&rd=17063&pm=14816,111,1.0,1,3725839321,3726439102,1945,1.0,1.0,0.0,0.0,17.52252252252252,167.0,No,No,Quality,Optimization,Code,Relative,Shared,Similar,No,No
